{"deviceId":"SolarCollector1","temperature_in":18.125,"temperature_out":17.6875,"delta_temperature":-0.4375,"Q":-1831.375,"energy":590.6943,"efficiency":-781195.9,"solar_power":0.234432,"solar_intensity":23.44322,"timestamp":"1248372"}